{
    "LeftEye_Found": 1,
    "LeftEye_Calibrated": 1,
    "LeftEye_PupilDiameter": 3.5422542095184326,
    "LeftEye_Pupil_X": 1160.5,
    "LeftEye_Pupil_Y": 312,
    "LeftEye_Glint0_X": 1152.760009765625,
    "LeftEye_Glint0_Y": 317.32000732421875,
    "LeftEye_Glint1_X": 1160.25,
    "LeftEye_Glint1_Y": 317,
    "LeftEye_GazePoint_X": 49.20669937133789,
    "LeftEye_GazePoint_Y": 123.4298324584961,
    "RightEye_Found": 1,
    "RightEye_Calibrated": 1,
    "RightEye_PupilDiameter": 3.8945322036743164,
    "RightEye_Pupil_X": 760.1875,
    "RightEye_Pupil_Y": 354.6875,
    "RightEye_Glint0_X": 755.5,
    "RightEye_Glint0_Y": 359,
    "RightEye_Glint1_X": 762.6571655273438,
    "RightEye_Glint1_Y": 359.028564453125,
    "RightEye_GazePoint_X": 50.30195617675781,
    "RightEye_GazePoint_Y": 111.88605499267578,
    "WeightedGazePoint_Valid": 1,
    "WeightedGazePoint_X": 49.754329681396484,
    "WeightedGazePoint_Y": 117.65794372558594,
    "WeightedGazePoint_LeftWeight": 0.5,
    "WeightedGazePoint_RightWeight": 0.5,
    "Focus": 6.897058963775635,
    "Distance": 74.89541625976562
}
